id;type;report_date;object_name;position;contact_information;content;location
1;Oral;2019-09-25T23:53:07;mint green e-business EXE;back-end;granular Direct contextually-based;synergies copying;ability Hat Iraq
2;Oral;2019-09-26T02:44:22;Directives;sky blue;Kenyan Shilling robust;Versatile Exclusive Moroccan Dirham;capability zero tolerance Computers
3;Written;2019-09-26T10:02:56;ubiquitous;Public-key Granite;Way Dominican Republic;Bulgarian Lev navigate;Re-contextualized
4;Oral;2019-09-25T21:59:01;Licensed hacking installation;Argentine Peso;Kentucky Algerian Dinar Clothing;open-source turn-key;Sausages
5;Written;2019-09-25T18:37:32;bandwidth azure;SMS Enhanced;Bacon Designer;Equatorial Guinea Vision-oriented;Agent
6;Oral;2019-09-26T02:42:19;cross-media;programming SCSI drive;invoice Unbranded Cheese;New Zealand Dollar Alabama transform;invoice Home Gloves
7;Oral;2019-09-25T10:58:31;Fish;Networked;Fish;payment calculating;local area network Benin
8;Written;2019-09-26T04:59:11;Strategist target;Investor users dot-com;North Dakota Cambridgeshire;Re-contextualized;local Shoes
9;Written;2019-09-26T04:07:58;PCI back up Factors;architectures;Wisconsin Facilitator Incredible;reinvent;eco-centric Bedfordshire mesh
10;Oral;2019-09-25T21:09:39;Intelligent;Zambian Kwacha intuitive;Bedfordshire;portal calculating Metal;real-time discrete redundant
