id;name;user_id;link;icon;jhi_rank;remark;status
1;indexing implement;FTP SCSI;deposit Chips Games;generating Auto Loan Account;1678;transform;Unavailable
2;productivity generate;withdrawal;Director FTP deposit;open-source strategic;87211;invoice Berkshire matrix;Unavailable
3;end-to-end incubate withdrawal;e-markets;deposit synergistic Facilitator;Buckinghamshire Fresh Tuna;53073;Algeria;Unavailable
4;Human Spurs;Myanmar;withdrawal holistic web services;Toys Mauritania Incredible;38366;Saint Kitts and Nevis;Available
5;deposit Handcrafted;maroon;Awesome Granite Shirt impactful;Island;43024;Personal Loan Account initiatives;Unavailable
6;maximized schemas PCI;violet Quality;ADP;Research application Communications;35089;withdrawal teal Object-based;Unavailable
7;orchestrate;Specialist;Intelligent Wooden Pizza;AGP Bedfordshire;72844;Isle;Unavailable
8;deposit;Creative;project task-force bus;Wall;32408;scale Reduced;Available
9;compressing Checking Account multi-byte;yellow;Fantastic Soft Towels communities withdrawal;compress;3157;lavender;Unavailable
10;Concrete;Rubber Shirt Money Market Account;transmit;Toys networks Mews;37311;extensible;Unavailable
