id;product_name;product_des;img_url;created_date;update_date
1;mobile Fish;Home Loan Account Table Computer;Trace;2019-09-22T17:46:17;2019-09-22T11:21:13
2;alarm;Tasty Metal Bacon;red Chips Soap;2019-09-22T18:28:43;2019-09-22T11:06:03
3;Grocery Home;Investment Account Steel;Coordinator;2019-09-22T20:11:38;2019-09-22T14:50:05
4;bluetooth;syndicate;Mississippi Refined Rubber Chicken Table;2019-09-23T00:13:09;2019-09-23T01:27:43
5;Usability South Dakota envisioneer;Intelligent;Monitored Bahamian Dollar Investment Account;2019-09-22T05:47:02;2019-09-23T00:57:18
6;Regional;Tuna;hardware Costa Rica Mayotte;2019-09-22T21:20:38;2019-09-23T01:01:44
7;synthesizing Views e-enable;Credit Card Account National Awesome;Aruba;2019-09-22T02:42:45;2019-09-22T17:58:21
8;scale interactive generating;Specialist Home Loan Account;Plastic;2019-09-22T06:31:40;2019-09-22T21:48:50
9;Industrial;index orange;Jewelery;2019-09-22T21:00:29;2019-09-22T08:48:57
10;application quantify Unbranded Plastic Tuna;Internal;Investment Account archive Fantastic Plastic Chicken;2019-09-22T17:58:34;2019-09-22T09:47:54
